Modelo,F1_macro_test,F1_weighted_test,Accuracy_test
Árbol de Decisión,0.8652446847058592,0.8652446847058594,0.865625
K-NN,0.7968253968253969,0.7968253968253969,0.8
